{"score": 0.19527896995708155, "_timestamp": 1657131309, "_runtime": 16731, "_step": 128, "loss_tok2vec": 14636.085864733439, "loss_ner": 9017.623134307292, "loss_parser": 0.0, "token_acc": 1.0, "token_p": 1.0, "token_r": 1.0, "token_f": 1.0, "ents_p": 0.6066666666666667, "ents_r": 0.2879746835443038, "ents_f": 0.3905579399141631, "ents_per_type": {"LATEX_MATH": {"p": 0.6602564102564102, "r": 0.7054794520547946, "f": 0.6821192052980133}, "VALUE": {"p": 0.6304985337243402, "r": 0.2843915343915344, "f": 0.3919781221513218}, "TEXT_MATH": {"p": 0.15789473684210525, "r": 0.009966777408637873, "f": 0.018749999999999996}, "TABLE": {"p": 0.5119047619047619, "r": 0.7049180327868853, "f": 0.5931034482758619}}, "speed": 8873.140387364936, "_wandb": {"runtime": 16732}}