{"score": 0.11582568807339451, "_timestamp": 1657114376, "_runtime": 110, "_step": 20, "loss_tok2vec": 3870.9401542954147, "loss_ner": 3060.895993831894, "loss_parser": 0.0, "token_acc": 1.0, "token_p": 1.0, "token_r": 1.0, "token_f": 1.0, "ents_p": 0.5024875621890548, "ents_r": 0.15052160953800298, "ents_f": 0.23165137614678902, "ents_per_type": {"TABLE": {"p": 0.6521739130434783, "r": 0.46875, "f": 0.5454545454545454}, "VALUE": {"p": 0.5418502202643172, "r": 0.150920245398773, "f": 0.23608445297504793}, "TEXT_MATH": {"p": 0.0, "r": 0.0, "f": 0.0}, "LATEX_MATH": {"p": 0.3888888888888889, "r": 0.33793103448275863, "f": 0.3616236162361624}}, "speed": 8859.417086578083}