{"score": 0.6855095541401273, "_timestamp": 1657134158, "_runtime": 1042, "_step": 80, "loss_tok2vec": 3496.3813334845545, "loss_ner": 569.414821963715, "token_acc": 1.0, "token_p": 1.0, "token_r": 1.0, "token_f": 1.0, "ents_p": 0.6899038461538461, "ents_r": 0.6811708860759493, "ents_f": 0.6855095541401273, "ents_per_type": {"LATEX_MATH": {"p": 0.8639455782312925, "r": 0.8698630136986302, "f": 0.8668941979522184}, "VALUE": {"p": 0.6829268292682927, "r": 0.7037037037037037, "f": 0.6931596091205211}, "TEXT_MATH": {"p": 0.5905511811023622, "r": 0.4983388704318937, "f": 0.5405405405405405}, "TABLE": {"p": 0.7647058823529411, "r": 0.8524590163934426, "f": 0.8062015503875968}}, "speed": 16459.913602433764, "_wandb": {"runtime": 1042}}