{
  "token_acc":0.978234846,
  "token_p":0.9560478574,
  "token_r":0.9137457161,
  "token_f":0.9344182657,
  "ents_p":0.4386174017,
  "ents_r":0.3665338645,
  "ents_f":0.3993488877,
  "ents_per_type":{
    "TEXT_MATH":{
      "p":0.3780487805,
      "r":0.3024390244,
      "f":0.3360433604
    },
    "VALUE":{
      "p":0.4470588235,
      "r":0.4148471616,
      "f":0.4303510759
    },
    "TABLE":{
      "p":0.725,
      "r":0.6744186047,
      "f":0.6987951807
    },
    "LATEX_MATH":{
      "p":0.5434782609,
      "r":0.2688172043,
      "f":0.3597122302
    }
  },
  "speed":77086.2977999191
}