{"score": 0.18322182192485847, "_timestamp": 1657113670, "_runtime": 833, "_step": 89, "loss_tok2vec": 30703.57928331103, "loss_ner": 10203.470327311294, "loss_parser": 0.0, "token_acc": 1.0, "token_p": 1.0, "token_r": 1.0, "token_f": 1.0, "ents_p": 0.5923460898502496, "ents_r": 0.26527570789865873, "ents_f": 0.36644364384971695, "ents_per_type": {"TABLE": {"p": 0.45977011494252873, "r": 0.625, "f": 0.5298013245033113}, "VALUE": {"p": 0.646551724137931, "r": 0.27607361963190186, "f": 0.38693035253654345}, "TEXT_MATH": {"p": 0.18181818181818182, "r": 0.018867924528301886, "f": 0.034188034188034185}, "LATEX_MATH": {"p": 0.6390977443609023, "r": 0.5862068965517241, "f": 0.6115107913669064}}, "speed": 8946.263156583273}