{"score": 0.27568134171907754, "_timestamp": 1658922543, "_runtime": 47, "_step": 8, "loss_tok2vec": 1307.7995600127615, "loss_ner": 3397.534137517616, "token_acc": 1.0, "token_p": 1.0, "token_r": 1.0, "token_f": 1.0, "ents_p": 0.290929203539823, "ents_r": 0.26195219123505975, "ents_f": 0.27568134171907754, "ents_per_type": {"VALUE": {"p": 0.27724358974358976, "r": 0.3777292576419214, "f": 0.3197781885397412}, "TEXT_MATH": {"p": 0.3116883116883117, "r": 0.11707317073170732, "f": 0.1702127659574468}, "TABLE": {"p": 0.7142857142857143, "r": 0.813953488372093, "f": 0.7608695652173914}, "LATEX_MATH": {"p": 0.09090909090909091, "r": 0.07526881720430108, "f": 0.08235294117647057}}, "speed": 16297.900679822758}