{"score": 0.5038560411311055, "_timestamp": 1657624907, "_runtime": 355, "_step": 44, "loss_tok2vec": 273.29065616844827, "loss_ner": 73.98231008859537, "token_acc": 1.0, "token_p": 1.0, "token_r": 1.0, "token_f": 1.0, "ents_p": 0.5212765957446809, "ents_r": 0.48756218905472637, "ents_f": 0.5038560411311055, "ents_per_type": {"TEXT_MATH": {"p": 0.453416149068323, "r": 0.453416149068323, "f": 0.453416149068323}, "TABLE": {"p": 1.0, "r": 0.8666666666666667, "f": 0.9285714285714286}, "LATEX_MATH": {"p": 0.8571428571428571, "r": 0.48, "f": 0.6153846153846153}}, "speed": 13259.466429331267, "_wandb": {"runtime": 356}}