{"score": 0.6489241223103057, "_timestamp": 1658149540, "_runtime": 904, "_step": 74, "loss_tok2vec": 1426.5154105794256, "loss_ner": 239.79990663708057, "token_acc": 1.0, "token_p": 1.0, "token_r": 1.0, "token_f": 1.0, "ents_p": 0.6895306859205776, "ents_r": 0.6128342245989304, "ents_f": 0.6489241223103057, "ents_per_type": {"VALUE": {"p": 0.6944444444444444, "r": 0.5993150684931506, "f": 0.6433823529411764}, "TEXT_MATH": {"p": 0.5363128491620112, "r": 0.47058823529411764, "f": 0.5013054830287207}, "LATEX_MATH": {"p": 0.8888888888888888, "r": 0.88, "f": 0.8844221105527638}, "TABLE": {"p": 0.7959183673469388, "r": 0.8297872340425532, "f": 0.8125}}, "speed": 16387.91612797853, "_wandb": {"runtime": 905}}