{
  "token_acc":1.0,
  "token_p":1.0,
  "token_r":1.0,
  "token_f":1.0,
  "ents_p":0.749244713,
  "ents_r":0.7595712098,
  "ents_f":0.7543726236,
  "ents_per_type":{
    "TEXT_MATH":{
      "p":0.7244525547,
      "r":0.7420560748,
      "f":0.7331486611
    },
    "LATEX_MATH":{
      "p":0.8051948052,
      "r":0.7654320988,
      "f":0.7848101266
    },
    "TABLE":{
      "p":1.0,
      "r":1.0,
      "f":1.0
    }
  },
  "speed":16701.0610400351
}