{"score": 0.14374295377677565, "_timestamp": 1657114215, "_runtime": 132, "_step": 23, "loss_tok2vec": 3553.4553494900465, "loss_ner": 3045.4668308561772, "loss_parser": 0.0, "token_acc": 1.0, "token_p": 1.0, "token_r": 1.0, "token_f": 1.0, "ents_p": 0.5902777777777778, "ents_r": 0.19001490312965721, "ents_f": 0.2874859075535513, "ents_per_type": {"TABLE": {"p": 0.6756756756756757, "r": 0.390625, "f": 0.49504950495049505}, "VALUE": {"p": 0.6150793650793651, "r": 0.1901840490797546, "f": 0.29053420805998126}, "TEXT_MATH": {"p": 0.2, "r": 0.0031446540880503146, "f": 0.006191950464396285}, "LATEX_MATH": {"p": 0.5362318840579711, "r": 0.5103448275862069, "f": 0.5229681978798587}}, "speed": 8776.048822354254}