{"score": 0.7300079176563736, "_timestamp": 1657100966, "_runtime": 184, "_step": 26, "loss_tok2vec": 334.29793563842554, "loss_ner": 277.7614172501766, "token_acc": 1.0, "token_p": 1.0, "token_r": 1.0, "token_f": 1.0, "ents_p": 0.7557377049180328, "ents_r": 0.7059724349157733, "ents_f": 0.7300079176563736, "ents_per_type": {"TEXT_MATH": {"p": 0.7383367139959433, "r": 0.680373831775701, "f": 0.708171206225681}, "LATEX_MATH": {"p": 0.75, "r": 0.7407407407407407, "f": 0.7453416149068324}, "TABLE": {"p": 1.0, "r": 1.0, "f": 1.0}}, "speed": 15538.351965602538}