{"score": 0.6899563318777292, "_timestamp": 1658223506, "_runtime": 1193, "_step": 89, "loss_tok2vec": 3929.134905953131, "loss_ner": 286.45844865996213, "token_acc": 1.0, "token_p": 1.0, "token_r": 1.0, "token_f": 1.0, "ents_p": 0.7069351230425056, "ents_r": 0.673773987206823, "ents_f": 0.6899563318777292, "ents_per_type": {"TEXT_MATH": {"p": 0.5964125560538116, "r": 0.5450819672131147, "f": 0.569593147751606}, "TABLE": {"p": 0.8163265306122449, "r": 0.8163265306122449, "f": 0.8163265306122449}, "VALUE": {"p": 0.7298850574712644, "r": 0.691470054446461, "f": 0.7101584342963654}, "LATEX_MATH": {"p": 0.78, "r": 0.8297872340425532, "f": 0.8041237113402062}}, "speed": 16306.358928699496, "_wandb": {"runtime": 1194}}