{"score": 0.14254742547425475, "_timestamp": 1657114012, "_runtime": 246, "_step": 38, "loss_tok2vec": 12403.361648637801, "loss_ner": 5947.345950273172, "loss_parser": 0.0, "token_acc": 1.0, "token_p": 1.0, "token_r": 1.0, "token_f": 1.0, "ents_p": 0.5228628230616302, "ents_r": 0.19597615499254845, "ents_f": 0.2850948509485095, "ents_per_type": {"TABLE": {"p": 0.20909090909090908, "r": 0.359375, "f": 0.264367816091954}, "VALUE": {"p": 0.625, "r": 0.17791411042944785, "f": 0.276981852913085}, "TEXT_MATH": {"p": 0.2777777777777778, "r": 0.015723270440251572, "f": 0.029761904761904764}, "LATEX_MATH": {"p": 0.6293706293706294, "r": 0.6206896551724138, "f": 0.625}}, "speed": 8537.46733236893}