{"score": 0.4431072210065645, "_timestamp": 1658923259, "_runtime": 693, "_step": 95, "loss_tok2vec": 2204.691113732067, "loss_ner": 1048.6528443030866, "token_acc": 1.0, "token_p": 1.0, "token_r": 1.0, "token_f": 1.0, "ents_p": 0.49150485436893204, "ents_r": 0.4033864541832669, "ents_f": 0.4431072210065645, "ents_per_type": {"TEXT_MATH": {"p": 0.4321608040201005, "r": 0.2097560975609756, "f": 0.2824302134646962}, "VALUE": {"p": 0.41975308641975306, "r": 0.44541484716157204, "f": 0.43220338983050843}, "TABLE": {"p": 0.9090909090909091, "r": 0.9302325581395349, "f": 0.9195402298850575}, "LATEX_MATH": {"p": 0.7894736842105263, "r": 0.8064516129032258, "f": 0.7978723404255319}}, "speed": 16625.715586644077, "_wandb": {"runtime": 695}}