{"score": 0.3968668407310705, "_timestamp": 1660036685, "_runtime": 483, "_step": 98, "loss_tok2vec": 19062.761260462437, "loss_ner": 2278.3355207007653, "token_acc": 0.9782348460115354, "token_p": 0.9560478574218056, "token_r": 0.9137457161277188, "token_f": 0.9344182657274716, "ents_p": 0.41712403951701427, "ents_r": 0.3784860557768924, "ents_f": 0.3968668407310705, "ents_per_type": {"TEXT_MATH": {"p": 0.4236111111111111, "r": 0.2975609756097561, "f": 0.34957020057306587}, "VALUE": {"p": 0.3984819734345351, "r": 0.4585152838427948, "f": 0.4263959390862945}, "TABLE": {"p": 0.5106382978723404, "r": 0.5581395348837209, "f": 0.5333333333333333}, "LATEX_MATH": {"p": 0.4897959183673469, "r": 0.25806451612903225, "f": 0.33802816901408445}}, "speed": 54461.7040326822, "_wandb": {"runtime": 484}}