{"score": 0.7186742118027487, "_timestamp": 1657102591, "_runtime": 1595, "_step": 113, "loss_tok2vec": 12607.101602617236, "loss_ner": 364.4829912776729, "token_acc": 1.0, "token_p": 1.0, "token_r": 1.0, "token_f": 1.0, "ents_p": 0.7578857630008525, "ents_r": 0.6833205226748655, "ents_f": 0.7186742118027487, "ents_per_type": {"VALUE": {"p": 0.7433510638297872, "r": 0.6767554479418886, "f": 0.7084917617237008}, "TABLE": {"p": 0.821917808219178, "r": 0.8333333333333334, "f": 0.8275862068965517}, "TEXT_MATH": {"p": 0.7297297297297297, "r": 0.5955882352941176, "f": 0.6558704453441295}, "LATEX_MATH": {"p": 0.8571428571428571, "r": 0.8244274809160306, "f": 0.8404669260700388}}, "speed": 16408.020399137517, "_wandb": {"runtime": 1596}}