{"score": 0.4681081081081081, "_timestamp": 1659685918, "_runtime": 1058, "_step": 83, "loss_tok2vec": 1572.8303547241565, "loss_ner": 2247.1909860846495, "token_acc": 1.0, "token_p": 1.0, "token_r": 1.0, "token_f": 1.0, "ents_p": 0.5118203309692672, "ents_r": 0.4312749003984064, "ents_f": 0.4681081081081081, "ents_per_type": {"TEXT_MATH": {"p": 0.4976303317535545, "r": 0.25609756097560976, "f": 0.33816425120772947}, "VALUE": {"p": 0.4262626262626263, "r": 0.4606986899563319, "f": 0.4428121720881427}, "TABLE": {"p": 0.8863636363636364, "r": 0.9069767441860465, "f": 0.896551724137931}, "LATEX_MATH": {"p": 0.8125, "r": 0.8387096774193549, "f": 0.8253968253968254}}, "speed": 16665.99073832203, "_wandb": {"runtime": 1059}}